{
  "entrypoint": "index.html",
  "shell": "src/taxi-app.html",
  "fragments": [
    "src/screen-splash.html",
    "src/screen-main.html",
    "src/pages/dashboard/dashboard.html",
    "src/pages/call-requests/call-requests.html",
    "src/pages/complaints/complaints.html",
    "src/pages/drivers/drivers.html",
    "src/pages/payment-requests/payment-requests.html",
    "src/pages/settings/settings.html",
    "src/view404.html"
  ],
  "sources": [
    "src/**/*",
    "images/**/*",
    "bower.json"
  ],
  "extraDependencies": [
    "manifest.json",
    "data/behaviors/my-localization-behavior.html",
    "bower_components/webcomponentsjs/*.js"
  ],
  "lint": {
    "rules": ["polymer-2"]
  },
  "builds": [
    {
      "preset": "es5-bundled"
    },
    {
      "preset": "es6-bundled"
    },
    {
      "preset": "es6-unbundled"
    }
  ]
}
